"Service","StartType","Status","Description"
"AarSvc","Manual","Stopped","Runtime for activating conversational agent applications"
"ALG","Manual","Stopped","Fornisce supporto per plug-in di protocolli di terze parti per Condivisione connessione Internet"
"AppIDSvc","Auto","Running","Determina e verifica l'identità di un'applicazione. La disabilitazione di questo servizio impedirà l'imposizione di AppLocker."
"Appinfo","Manual","Running","Facilita l'esecuzione di applicazioni interattive con privilegi amministrativi aggiuntivi. Se questo servizio viene arrestato, gli utenti non potranno eseguire le applicazioni con i privilegi amministrativi aggiuntivi eventualmente necessari per lo svolgimento di determinate attività utente."
"AppMgmt","Manual","Running","Elabora le richieste di installazione, rimozione ed enumerazione per il software distribuito tramite Criteri di gruppo. Se il servizio è disabilitato, non sarà possibile installare, rimuovere o enumerare il software distribuito tramite Criteri di gruppo né avviare i servizi che dipendono esplicitamente da esso."
"AppReadiness","Manual","Stopped","Consente di preparare le app per l'utilizzo al primo accesso dell'utente al PC e all'aggiunta di nuove app."
"AppVClient","Disabled","Stopped","Manages App-V users and virtual applications"
"AppXSvc","Manual","Stopped","Offre supporto infrastrutturale per la distribuzione di applicazioni dello Store. Questo servizio viene avviato su richiesta e, se disabilitato, le applicazioni dello Store non verranno distribuite nel sistema e potrebbero non funzionare correttamente."
"ApxSvc","Manual","Stopped","Gestisce i dispositivi audio virtuali per i programmi basati su Windows.  Se il servizio viene arrestato, i dispositivi audio virtuali non funzioneranno correttamente.  Se questo servizio è disabilitato, non sarà possibile avviare tutti i servizi che dipendono esplicitamente da esso"
"AssignedAccessManagerSvc","Manual","Stopped","Il servizio AssignedAccessManager supporta l'esperienza in modalità chiosco in Windows."
"AudioEndpointBuilder","Auto","Running","Gestisce i dispositivi audio per il servizio Audio Windows. Se questo servizio viene arrestato, gli effetti e i dispositivi audio non funzioneranno correttamente. Se questo servizio viene disattivato, non sarà possibile avviare i servizi che dipendono da esso in modo esplicito"
"Audiosrv","Auto","Running","Gestisce l'audio per le applicazioni basate su Windows. Se questo servizio viene arrestato, gli effetti e i dispositivi audio non funzioneranno correttamente. Se questo servizio viene disattivato, non sarà possibile avviare i servizi che dipendono da esso in modo esplicito."
"autotimesvc","Manual","Stopped","Questo servizio imposta l'ora in base ai messaggi NITZ provenienti da una rete mobile"
"AxInstSV","Manual","Stopped","Fornisce la convalida del controllo dell'account utente per l'installazione dei controlli ActiveX da Internet e consente la gestione dell'installazione dei controlli ActiveX in base alle impostazioni di Criteri di gruppo. Il servizio viene avviato su richiesta e, nel caso venga disattivato, il comportamento dell'installazione dei controlli ActiveX dipenderà dalle impostazioni del browser predefinito."
"BcastDVRUserService","Manual","Stopped","Questo servizio utente viene utilizzato per le registrazioni di gioco e le trasmissioni in diretta"
"BDESVC","Manual","Running","BDESVC ospita il servizio Crittografia unità BitLocker. Questo servizio consente l'avvio sicuro del sistema operativo, nonché la crittografia dell'intero volume per il volume del sistema operativo, i volumi fissi o quelli rimovibili. Tramite questo servizio, BitLocker può richiedere agli utenti di eseguire varie azioni correlate ai volumi montati e consente di sbloccare automaticamente i volumi senza interazioni con gli utenti. Il servizio supporta inoltre l'archiviazione di informazioni per il ripristino in Active Directory, se disponibile. Se necessario, garantisce inoltre che vengano utilizzati i certificati di ripristino più recenti. L'arresto o la disabilitazione del servizio impedirebbe agli utenti di utilizzare queste funzionalità."
"BFE","Auto","Running","BFE (Base Filtering Engine) è un servizio per la gestione dei criteri firewall e IPSec (Internet Protocol Security) e l'implementazione del filtro delle modalità utente. L'arresto o la disattivazione del servizio BFE riduce in modo significativo la sicurezza del sistema e può causare un comportamento imprevedibile delle applicazioni di gestione IPSec e firewall."
"BITS","Manual","Running","Trasferisce i file in background utilizzando la larghezza di banda inattiva. Se il servizio è disabilitato, le applicazioni dipendenti da BITS, come Windows Update o MSN Explorer, non saranno in grado di effettuare il download automatico di programmi e altre informazioni."
"BluetoothUserService","Manual","Stopped","Il servizio utente Bluetooth consente il corretto funzionamento delle funzionalità Bluetooth relative a ogni sessione utente."
"BrokerInfrastructure","Auto","Running","Infrastruttura Windows che controlla quali attività in background possono essere eseguite nel sistema."
"BTAGService","Manual","Stopped","Servizio che supporta il ruolo gateway audio del profilo vivavoce Bluetooth."
"BthAvctpSvc","Manual","Stopped","Servizio Audio Video Control Transport Protocol"
"bthserv","Manual","Stopped","Il servizio Bluetooth supporta l'individuazione e l'associazione dei dispositivi Bluetooth remoti. L'arresto o la disabilitazione di questo servizio può causare il malfunzionamento dei dispositivi Bluetooth già installati e impedire l'individuazione o l'associazione di nuovi dispositivi."
"camsvc","Manual","Running","Fornisce funzionalità per la gestione dell'accesso di app piattaforma UWP (Universal Windows Platform) alle funzionalità dell'app, nonché il controllo dell'accesso di un'app a funzionalità specifiche dell'app"
"CaptureService","Manual","Stopped","Abilita la funzionalità facoltativa di acquisizione dello schermo per le applicazioni che chiamano l'API Windows.Graphics.Capture."
"cbdhsvc","Disabled","Stopped","Questo servizio utente viene usato per gli scenari relativi agli Appunti"
"CDPSvc","Manual","Stopped","Questo servizio è usato per gli scenari relativi alla piattaforma dispositivi connessi"
"CDPUserSvc","Auto","Stopped","Questo servizio utente è usato per gli scenari relativi alla piattaforma dispositivi connessi"
"CertPropSvc","Manual","Stopped","Copia i certificati utente e i certificati radice dalle smart card all'archivio certificati dell'utente corrente, rileva quando una smart card è inserita in un lettore di smart card e, se necessario, installa il minidriver Plug and Play della smart card."
"ClipSVC","Manual","Stopped","Fornisce il supporto di infrastruttura per Microsoft Store. Questo servizio viene avviato su richiesta. Se viene disabilitato, le applicazioni acquistate tramite Microsoft Store presenteranno problemi di funzionamento."
"CloudBackupRestoreSvc","Manual","Stopped","Monitora il sistema cercando le modifiche apportate agli stati dell'applicazione e delle impostazioni ed esegue operazioni di backup e ripristino nel cloud quando necessario."
"cloudidsvc","Manual","Stopped","Supporta le integrazioni con i servizi di identità cloud Microsoft.  Se disabilitato, le restrizioni del tenant non verranno applicate correttamente."
"COMSysApp","Manual","Stopped","Gestisce la configurazione e registrazione di componenti basati su COM+. Se il servizio viene arrestato, la maggior parte dei componenti basati su COM+ non sarà in grado di funzionare correttamente. Se il servizio viene disabilitato, tutti i servizi che dipendono esplicitamente da esso non potranno essere avviati."
"ConsentUxUserSvc","Manual","Stopped","Consente al sistema di richiedere il consenso dell'utente per consentire alle app di accedere a risorse riservate e informazioni come la posizione del dispositivo"
"CoreMessagingRegistrar","Auto","Running","Manages communication between system components."
"CredentialEnrollmentManagerUserSvc","Manual","Stopped","Manager di registrazione credenziali"
"CryptSvc","Auto","Running","Fornisce tre servizi di gestione: il servizio Database catalogo, per verificare le firme dei file di Windows e installare nuovi programmi, il servizio Archivio radice protetto, per aggiungere e rimuovere dal computer i certificati dell'Autorità di certificazione radice attendibile, e il Servizio aggiornamento automatico certificati radice, per il recupero dei certificati radice da Windows Update e l'attivazione di scenari come SSL. Se questo servizio viene arrestato, i servizi di gestione non funzioneranno correttamente. Se il servizio viene disabilitato, i servizi che dipendono da quest'ultimo non verranno avviati."
"CscService","Manual","Stopped","Il servizio File non in linea esegue attività di manutenzione della cache File non in linea, risponde agli eventi di accesso e fine sessione degli utenti, implementa gli elementi interni della API pubblica e distribuisce gli eventi alle applicazioni e agli utenti interessati alle attività di File non in linea e ai cambiamenti di stato della cache."
"DcomLaunch","Auto","Running","Il servizio DCOMLAUNCH avvia server COM e DCOM in risposta a richieste di attivazione degli oggetti. Se il servizio è arrestato o disabilitato, i programmi che utilizzano COM o DCOM non funzioneranno in modo corretto. È consigliabile mantenere in esecuzione il servizio DCOMLAUNCH."
"dcsvc","Manual","Stopped","Elabora i documenti di configurazione dichiarati ricevuti da MDM e da altri canali ed esegui le configurazioni nel dispositivo"
"defragsvc","Manual","Stopped","Consente al computer di funzionare in modo più efficiente ottimizzando i file nelle unità di archiviazione."
"DeviceAssociationBrokerSvc","Manual","Stopped","Enables apps to pair devices"
"DeviceAssociationService","Manual","Stopped","Abilita l'abbinamento tra il sistema e dispositivi cablati o wireless."
"DeviceInstall","Manual","Stopped","Consente al computer di riconoscere le modifiche hardware e adattarsi ad esse con un intervento minimo o nullo da parte dell'utente. Se il servizio viene arrestato o disabilitato, il sistema diventerà instabile."
"DevicePickerUserSvc","Manual","Stopped","Questo servizio utente viene usato per la gestione dell'interfaccia utente di Miracast, DLNA e DIAL"
"DevicesFlowUserSvc","Disabled","Stopped","Consente alle impostazioni PC e ConnectUX di effettuare la connessione e l'associazione a schermi Wi-Fi e dispositivi Bluetooth."
"DevQueryBroker","Manual","Stopped","Consente alle app di individuare i dispositivi con un'attività in background"
"Dhcp","Auto","Running","Registra e aggiorna gli indirizzi IP e i record DNS per il computer. Se il servizio è arrestato, il computer non riceverà indirizzi IP dinamici né aggiornamenti DNS. Se il servizio è disabilitato, i servizi da esso dipendenti non verranno avviati."
"diagsvc","Manual","Stopped","Executes diagnostic actions for troubleshooting support"
"DiagTrack","Auto","Running","Il servizio Esperienze utente connesse e telemetria abilita funzionalità che supportano esperienze utente connesse e nell'applicazione. Questo servizio gestisce inoltre la raccolta e la trasmissione basate sugli eventi delle informazioni diagnostiche e sull'utilizzo (usate per migliorare l'esperienza e la qualità della piattaforma Windows) quando le opzioni di privacy per la diagnostica e l'utilizzo sono abilitate in Feedback e diagnostica."
"DialogBlockingService","Disabled","Stopped","Servizio di blocco finestra di dialogo"
"DispBrokerDesktopSvc","Auto","Running","Gestisce la connessione e la configurazione degli schermi locali e remoti."
"DisplayEnhancementService","Manual","Running","Servizio per la gestione del miglioramento dello schermo, come il controllo della luminosità."
"DmEnrollmentSvc","Manual","Stopped","Esegue le attività di registrazione dei dispositivi per la gestione dei dispositivi"
"dmwappushservice","Manual","Stopped","Instrada i messaggi push WAP (Wireless Application Protocol) ricevuti dal dispositivo e sincronizza le sessioni di gestione dispositivi"
"Dnscache","Auto","Running","Il servizio Client DNS (dnscache) invia query Domain Name System (DNS), memorizza nella cache i risultati delle query e registra il nome completo del computer nella rete. Questo servizio non è arrestabile."
"dot3svc","Manual","Stopped","Il servizio Configurazione automatica reti cablate (DOT3SVC) è responsabile dell'esecuzione dell'autenticazione IEEE 802.1X su interfacce Ethernet. Se la rete cablata in uso impone l'autenticazione 802.1X, è necessario configurare il servizio DOT3SVC in modo che venga eseguito per attivare la connettività di livello 2 e/o per fornire l'accesso alle risorse di rete. Il servizio DOT3SVC non interessa in alcun modo le reti cablate che non impongono l'autenticazione 802.1X."
"DPS","Auto","Running","Il Servizio criteri di diagnostica consente di rilevare e risolvere i problemi relativi ai componenti di Windows. Se tale servizio viene arrestato, le funzionalità di diagnostica verranno disattivate."
"DsmSvc","Manual","Running","Abilita il rilevamento, il download e l'installazione di software correlato al dispositivo. Se il servizio è disabilitato, i dispositivi potrebbero essere configurati con software obsoleto e non funzionare correttamente."
"DsSvc","Manual","Running","Offre funzionalità di gestione dei dati tra le applicazioni."
"DusmSvc","Auto","Running","Consumo dati di rete, soglia dei dati, limita i dati in background, reti a consumo."
"EapHost","Manual","Stopped","Il servizio EAP (Extensible Authentication Protocol) offre l'autenticazione di rete 802.1x per reti cablate e wireless, VPN e Protezione accesso alla rete. Offre inoltre interfacce API (Application Programming Interfaces) utilizzate da client di accesso alla rete, inclusi client wireless e VPN, durante il processo di autenticazione. Se si disattiva questo servizio, il computer non avrà accesso alle reti che richiedono l'autenticazione EAP."
"edgeupdate","Disabled","Stopped","Mantiene aggiornato il software di Microsoft. Se il servizio è disabilitato o arrestato, il software Microsoft non verrà mantenuto aggiornato, pertanto non sarà possibile correggere le vulnerabilità di sicurezza che potrebbero insorgere e le funzionalità potrebbero non funzionare. Questa attività si disinstalla quando non è disponibile software Microsoft che la utilizza."
"edgeupdatem","Disabled","Stopped","Mantiene aggiornato il software di Microsoft. Se il servizio è disabilitato o arrestato, il software Microsoft non verrà mantenuto aggiornato, pertanto non sarà possibile correggere le vulnerabilità di sicurezza che potrebbero insorgere e le funzionalità potrebbero non funzionare. Questa attività si disinstalla quando non è disponibile software Microsoft che la utilizza."
"EFS","Manual","Stopped","Implementa la tecnologia di crittografia file principale utilizzata per archiviare i file crittografati nei volumi con file system NTFS. Se il servizio viene arrestato o disattivato, le applicazioni non saranno in grado di accedere ai file crittografati."
"embeddedmode","Manual","Stopped","Il servizio Modalità incorporata consente scenari correlati alle applicazioni in background. La disabilitazione di questo servizio impedirà l'attivazione di applicazioni in background."
"EntAppSvc","Manual","Stopped","Consente la gestione delle applicazioni aziendali."
"EventLog","Auto","Running","Il servizio gestisce gli eventi e i registri eventi e supporta la registrazione, la ricerca e la sottoscrizione di eventi, nonché l'archiviazione di registri eventi e la gestione di metadati di eventi. Il servizio è in grado di visualizzare eventi in formato XML e testo normale. L'arresto del servizio può compromettere la sicurezza e l'affidabilità del sistema."
"EventSystem","Auto","Running","Supporta il servizio di notifica eventi di sistema (SENS), che implementa la distribuzione automatica degli eventi nei componenti COM che eseguono la sottoscrizione. Se il servizio viene arrestato, il servizio SENS verrà chiuso e non sarà più in grado di inviare notifiche di connessione e disconnessione. Se il servizio viene disabilitato, i servizi che dipendono esplicitamente da esso non potranno essere avviati."
"fdPHost","Manual","Stopped","Il servizio FDPHOST ospita i provider di individuazione delle reti di individuazione funzioni. Tali provider di individuazione funzioni forniscono servizi di individuazione delle reti per i protocolli SSDP e WS-Discovery. L'arresto o la disabilitazione del servizio FDPHOST determina la disabilitazione dell'individuazione delle reti per tali protocolli quando si utilizza l'individuazione funzioni. Se questo servizio non è disponibile, i servizi di rete che utilizzano l'individuazione funzioni e si basano su tali protocolli di individuazione non saranno in grado di trovare dispositivi o risorse di rete."
"FDResPub","Manual","Stopped","Pubblica questo computer e le risorse a esso collegate in modo che possano essere individuate in rete. Se il servizio è arrestato, le risorse di rete non saranno più pubblicate e non potranno essere individuate da altri computer della rete."
"fhsvc","Manual","Stopped","Consente di copiare i file dell'utente in un percorso di backup per evitare che vengano persi accidentalmente"
"FontCache","Auto","Running","Ottimizza le prestazioni delle applicazioni memorizzando nella cache i dati dei tipi di carattere usati comunemente. Se non è già in esecuzione, il servizio verrà avviato dalle applicazioni. È possibile disattivarlo, tuttavia le prestazioni delle applicazioni risulteranno ridotte."
"FrameServer","Manual","Running","Consente a più client di accedere ai fotogrammi video dalle fotocamere."
"FrameServerMonitor","Auto","Running","Monitora l'integrità e lo stato del servizio server di fotogrammi fotocamera Windows."
"GameInputSvc","Manual","Stopped","Enables keyboards, mice, gamepads, and other input devices to be used with the GameInput API."
"gpsvc","Auto","Running","Questo servizio è responsabile dell'applicazione delle impostazioni configurate dagli amministratori per il computer e gli utenti tramite il componente Criteri di gruppo. Se il servizio viene disattivato, le impostazioni non verranno applicate e non sarà possibile gestire applicazioni e componenti tramite i Criteri di gruppo. Se il servizio viene disattivato, tutti i componenti o le applicazioni che dipendono dal componente Criteri di gruppo potrebbero non funzionare."
"GraphicsPerfSvc","Manual","Stopped","Graphics performance monitor service"
"hidserv","Manual","Running","Abilita e mantiene l'uso dei pulsanti speciali su tastiere, telecomandi e altri dispositivi multimediali. Si consiglia di mantenere questo servizio in esecuzione."
"HvHost","Manual","Running","Offre un'interfaccia per l'hypervisor Hyper-V per fornire contatori delle prestazioni per ogni partizione al sistema operativo host."
"icssvc","Manual","Stopped","Consente la condivisione della connessione alla rete dati con un altro dispositivo."
"IKEEXT","Auto","Running","Il servizio IKEEXT ospita i moduli di impostazione chiavi IKE (Internet Key Exchange) e Auth-IP (Authenticated Internet Protocol). Questi moduli vengono utilizzati per l'autenticazione e lo scambio di chiavi in IPSec (Internet Protocol Security). Arrestando o disattivando il servizio IKEEXT, lo scambio di chiavi IKE e AuthIP con i computer peer non potrà avere luogo. IPSec in genere è configurato per l'utilizzo di IKE o AuthIP, pertanto l'arresto o la disattivazione del servizio IKEEXT potrebbe generare un errore IPSec e compromettere la sicurezza del sistema. È pertanto consigliabile lasciare in esecuzione il servizio IKEEXT."
"InventorySvc","Auto","Stopped","Questo servizio esegue l'inventario del sistema in background, la valutazione della compatibilità e la manutenzione utilizzati da numerosi componenti di sistema."
"iphlpsvc","Auto","Running","Offre connettività in modalità tunnel utilizzando le tecnologie di transizione IPv6 (6to4, ISATAP, proxy delle porte e Teredo) e IP-HTTPS. Se il servizio viene arrestato, il computer non potrà usufruire dei vantaggi della connettività avanzata garantiti da queste tecnologie."
"IpxlatCfgSvc","Manual","Stopped","Consente di configurare e abilitare la conversione da v4 a v6 e viceversa"
"KeyIso","Manual","Running","Il servizio Isolamento chiavi CNG è ospitato nel processo della LSA. Tale servizio consente l'isolamento dei processi relativi alle chiavi per le chiavi private e le operazioni di crittografia associate, come richiesto da Common Criteria. Il servizio archivia e utilizza chiavi a lunga durata nell'ambito di un processo sicuro, in conformità con i requisiti di Common Criteria."
"KtmRm","Manual","Stopped","Coordina le transazioni tra Distributed Transaction Coordinator (MSDTC) e Gestione transazioni kernel. Se non è necessario, è consigliabile mantenere arrestato questo servizio. Se è necessario, il servizio verrà avviato automaticamente da MSDTC e Gestione transazioni kernel. Se il servizio viene disabilitato, eventuali transazioni MSDTC che interagiscono con Gestione transazioni kernel avranno esito negativo e i servizi che dipendono esplicitamente da esso non potranno essere avviati."
"LanmanServer","Auto","Running","Supporta la condivisione in rete di file, stampa e named pipe per il computer in uso. Se il servizio è  arrestato, queste funzionalità non saranno disponibili. Se il servizio è disabilitato, i servizi esplicitamente dipendenti da esso non verranno avviati."
"LanmanWorkstation","Auto","Running","Crea e mantiene le connessioni di rete tra client e server remoti utilizzando il protocollo SMB. Se il servizio viene arrestato, le connessioni non saranno disponibili. Se il servizio viene disabilitato, i servizi da esso dipendenti non verranno avviati."
"lfsvc","Manual","Running","Il servizio esegue il monitoraggio della posizione corrente del sistema e gestisce i recinti virtuali (posizione geografica con eventi associati). Se si disattiva questo servizio le applicazioni non potranno utilizzare o ricevere notifiche di georilevazione o per i recinti virtuali."
"LicenseManager","Disabled","Stopped","Offre supporto infrastrutturale per Microsoft Store. Questo servizio viene avviato su richiesta e se è disabilitato il contenuto acquisito tramite Microsoft Store non funzionerà correttamente."
"lltdsvc","Manual","Stopped","Crea una mappa di rete composta da informazioni sulla topologia (connettività) dei PC e dei dispositivi e dai metadati che descrivono i PC e i dispositivi stessi. Se il servizio è disattivato la mappa di rete non funziona correttamente."
"lmhosts","Manual","Stopped","Fornisce supporto al servizio NetBIOS su TCP/IP (NetBT) e alla risoluzione di nomi NetBIOS per i client della rete, consentendo la condivisione di file, la stampa e l'accesso alla rete da parte degli utenti. Se il servizio è arrestato, queste funzioni potrebbero non essere disponibili. Se il servizio è disabilitato, i servizi da esso dipendenti non verranno avviati."
"LocalKdc","Auto","Stopped","Questo servizio consente agli utenti di accedere al computer locale utilizzando il protocollo di autenticazione Kerberos. Se il servizio viene arrestato, gli utenti non saranno in grado di accedere al computer locale. Se questo servizio è disabilitato, non sarà possibile avviare tutti i servizi che dipendono esplicitamente da esso."
"LSM","Auto","Running","Servizio di base di Windows che gestisce le sessioni utente locali. L'arresto o la disattivazione del servizio causerà instabilità del sistema."
"LxpSvc","Manual","Stopped","Offre supporto infrastrutturale per la distribuzione e la configurazione di risorse di Windows localizzate. Questo servizio viene avviato su richiesta. Se viene disabilitato, le lingue aggiuntive di Windows non verranno distribuite nel sistema e Windows potrebbe non funzionare correttamente."
"MapsBroker","Disabled","Stopped","Servizio di Windows per consentire alle applicazioni di accedere alle mappe scaricate. Il servizio viene avviato su richiesta dall'applicazione che accede alle mappe scaricate. Con la disabilitazione di questo servizio le app non potranno accedere alle mappe."
"McpManagementService","Manual","Stopped","Servizio di gestione di stampa universale"
"MessagingService","Manual","Stopped","Servizio che supporta l'invio di SMS e la funzionalità correlata."
"MicrosoftEdgeElevationService","Disabled","Stopped","Mantiene Microsoft Edge aggiornato. Se il servizio è disabilitato, l'applicazione non verrà mantenuta aggiornata."
"mpssvc","Auto","Running","Windows Defender Firewall facilita la protezione del computer dagli accessi non autorizzati da Internet o da una rete."
"MSDTC","Manual","Stopped","Coordina le transazioni estese a più gestori di risorse, quali database, code di messaggi e file system. Se il servizio viene arrestato le transazioni avranno esito negativo. Se il servizio viene disabilitato, i servizi che dipendono esplicitamente da esso non potranno essere avviati."
"MSiSCSI","Manual","Stopped","Gestisce le sessioni SCSI (iSCSI) Internet tra il computer e i dispositivi di destinazione iSCSI remoti. Se il servizio viene arrestato, il computer non sarà in grado di accedere alle destinazioni iSCSI. Se il servizio viene disabilitato, non sarà possibile avviare i servizi che dipendono esplicitamente da questo."
"msiserver","Manual","Stopped","Aggiunge, modifica e rimuove applicazioni fornite come pacchetto di Windows Installer (*.msi, *.msp). Se il servizio è disabilitato, i servizi che dipendono esplicitamente da esso non potranno essere avviati."
"MsKeyboardFilter","Disabled","Stopped","Controlla il filtro e il mapping delle pressioni dei tasti"
"NaturalAuthentication","Manual","Stopped","Servizio di aggregatore segnali che valuta i segnali in base al tempo, rete, georilevazione, Bluetooth e fattori cdf. Le funzionalità supportate sono i criteri di Sblocco dispositivo, Blocco dinamico e Dynamo MDM"
"NcaSvc","Manual","Stopped","Fornisce notifica stato DirectAccess per componenti di interfaccia utente"
"NcbService","Disabled","Stopped","Connessioni del gestore che consentono alle app di Microsoft Store di ricevere notifiche da Internet."
"NcdAutoSetup","Manual","Stopped","Il servizio Configurazione automatica dispositivi connessi alla rete controlla e installa i dispositivi qualificati che si connettono a una rete qualificata. Se si sceglie di arrestare o disabilitare questo servizio, Windows non sarà in grado di individuare e installare i dispositivi qualificati connessi alla rete in modo automatico. Gli utenti potranno aggiungere manualmente a un PC i dispositivi connessi alla rete tramite l'interfaccia utente."
"Netlogon","Manual","Stopped","Mantiene un canale sicuro tra il computer e il controller di dominio per l'autenticazione di utenti e di servizi. Se il servizio è arrestato, è possibile che il computer non effettui l'autenticazione di utenti e servizi e che il controller di dominio non registri i record DNS. Se il servizio è disabilitato, i servizi da esso dipendenti non verranno avviati."
"Netman","Manual","Stopped","Gestisce gli oggetti nella cartella Connessioni di rete e telefoniche in cui è possibile visualizzare connessioni di rete locale (LAN) e connessioni remote."
"netprofm","Manual","Running","Identifica le reti a cui viene connesso il computer, raccoglie e archivia le proprietà di tali reti e invia notifiche alle applicazioni quando tali proprietà vengono modificate."
"NetSetupSvc","Manual","Stopped","Il servizio di installazione della rete gestisce l'installazione dei driver di rete e consente la configurazione di impostazioni di rete di basso livello. In caso di arresto del servizio, eventuali installazioni di driver in corso potrebbero essere annullate."
"NetTcpPortSharing","Disabled","Stopped","Consente la condivisione di porte TCP tramite il protocollo net.tcp."
"NgcCtnrSvc","Manual","Stopped","Gestisce le chiavi di identità dell'utente locale utilizzate per autenticare l'utente con i provider di identità, nonché le smart card virtuali TPM. Se questo servizio è disabilitato, le chiavi di identità dell'utente locale e le smart card virtuali TPM non saranno accessibili. È consigliabile non riconfigurare questo servizio."
"NlaSvc","Manual","Stopped","Raccoglie e archivia le informazioni per la rete e notifica ai programmi l'eventuale modifica di tali informazioni. Se il servizio è arrestato, le informazioni sulla configurazione potrebbero non essere disponibili. Se il servizio è disattivato, non è possibile avviare i servizi che dipendono direttamente da questo."
"NPSMSvc","Disabled","Stopped","Questo servizio ospita il gestore sessioni in esecuzione ora utilizzato per gli scenari multimediali"
"nsi","Auto","Running","Questo servizio recapita notifiche di rete, ad esempio aggiunte o eliminazioni di elementi dell'interfaccia, ai client in modalità utente. L'arresto del servizio comporta la perdita della connettività di rete. Se il servizio è disattivato, non è possibile avviare i servizi che dipendono direttamente da questo."
"OneSyncSvc","Auto","Stopped","Questo servizio sincronizza la posta, i contatti, il calendario e diversi altri dati utente. La posta e altre applicazioni dipendenti da questa funzionalità non funzioneranno correttamente se il servizio non è in esecuzione."
"P9RdrService","Manual","Stopped","Abilita l'attivazione dei server per file plan9."
"PcaSvc","Auto","Running","Questo servizio fornisce supporto per Risoluzione problemi compatibilità programmi. Risoluzione problemi compatibilità programmi esegue il monitoraggio dei programmi installati ed eseguiti dall'utente e rileva i problemi di compatibilità noti. Se il servizio è arrestato, Risoluzione problemi compatibilità programmi non funzionerà correttamente."
"PeerDistSvc","Manual","Stopped","Questo servizio memorizza nella cache il contenuto di rete proveniente dai peer nella subnet locale."
"PenService","Manual","Stopped","Servizio penna"
"perceptionsimulation","Manual","Stopped","Consente la simulazione della percezione spaziale, la gestione delle telecamere virtuali e la simulazione dell'input spaziale."
"PerfHost","Manual","Stopped","Consente agli utenti remoti e ai processi a 64 bit di eseguire query sui contatori di prestazioni forniti dalle DLL a 32 bit. Se il servizio viene arrestato, le query sui contatori di prestazioni forniti dalle DLL a 32 bit potranno essere eseguite solo dagli utenti locali e dai processi a 32 bit."
"PhoneSvc","Manual","Stopped","Gestisce lo stato della telefonia nel dispositivo"
"PimIndexMaintenanceSvc","Manual","Stopped","Indicizza i dati dei contatti per velocizzare le ricerche. Se arresti o disabiliti il servizio, i contatti potrebbero non essere inclusi nei risultati di ricerca."
"pla","Manual","Stopped","Avvisi e registri di prestazioni raccoglie dati relativi alle prestazioni dal computer locale o da computer remoti sulla base di parametri di pianificazione preconfigurati, quindi scrive i dati in un registro o attiva un avviso. Se il servizio è interrotto, le informazioni sulle prestazioni non verranno raccolte. Se il servizio è disattivato, i servizi da esso dipendenti non verranno avviati."
"PlugPlay","Manual","Running","Consente al computer di riconoscere le modifiche hardware e adattarsi ad esse con un intervento minimo o nullo da parte dell'utente. Se il servizio viene arrestato o disabilitato, il sistema diventerà instabile."
"PolicyAgent","Manual","Stopped","IPsec (Internet Protocol security) supporta l'autenticazione peer a livello di rete, l'autenticazione dell'origine dati, l'integrità dei dati, la riservatezza dei dati (crittografia) e la protezione della riproduzione. Questo servizio applica i criteri IPsec creati mediante lo snap-in Criteri di sicurezza IP o l'utilità da riga di comando ""netsh ipsec"". Se si arresta il servizio, è possibile che si abbiano problemi di connettività di rete se il criterio richiede l'utilizzo di IPsec per le connessioni e inoltre la gestione remota di Windows Defender Firewall non sarà possibile."
"PrintDeviceConfigurationService","Manual","Stopped","Il Servizio di configurazione dei dispositivi di stampa gestisce l'installazione delle stampanti IPP e UP. Se questo servizio viene interrotto, le installazioni di stampanti in corso possono essere annullate."
"PrintNotify","Manual","Stopped","Questo servizio apre le finestre di dialogo personalizzate della stampante e gestisce le notifiche da una stampante o un server di stampa remoto. Se il servizio viene disattivato, non è possibile visualizzare le estensioni o le notifiche della stampante."
"PrintScanBrokerService","Manual","Stopped","Fornisce il supporto per le operazioni con privilegi sicuri necessarie per lo spooler con privilegi limitati."
"PrintWorkflowUserSvc","Manual","Stopped","Fornisce supporto per le applicazioni di flusso di lavoro di stampa. Se disattivi questo servizio, potrebbe non essere possibile stampare correttamente."
"ProfSvc","Auto","Running","Questo servizio è responsabile di caricare e scaricare i profili utente. Se viene arrestato o disabilitato, gli utenti non potranno più accedere o disconnettersi dal sistema, le applicazioni potrebbero avere problemi a ottenere i dati utente e i componenti registrati per la ricezione delle notifiche degli eventi relativi ai profili non le riceveranno."
"PushToInstall","Disabled","Stopped","Offre supporto infrastrutturale per Microsoft Store. Questo servizio viene avviato automaticamente e se è disabilitato, le installazioni remote non funzioneranno correttamente."
"QWAVE","Manual","Stopped","Servizio audio/video Windows di qualità (qWave) è una piattaforma di rete per applicazioni che utilizzano il flusso di dati audio/video (AV) in reti domestiche IP. qWave migliora le prestazioni e l'affidabilità durante l'utilizzo del flusso AV, garantendo la qualità del servizio (QoS, Quality of Service) sulla rete per le applicazioni AV. Offre infatti meccanismi per il controllo dell'ammissione, il monitoraggio e l'imposizione in fase di esecuzione, il feedback dell'applicazione e l'impostazione della priorità del traffico."
"RasAuto","Manual","Stopped","Crea una connessione a una rete remota ogni volta che un programma fa riferimento a un DNS o a un nome o indirizzo NetBIOS remoto."
"RasMan","Manual","Running","Consente la gestione delle connessioni remote e di rete privata virtuale (VPN) tra il computer e Internet o altre reti remote. Se il servizio è disabilitato non sarà possibile avviare i servizi che dipendono esplicitamente da questo."
"refsdedupsvc","Manual","Stopped","Servizio di deduplicazione e compressione dati ReFS per tenere traccia delle modifiche ai file ed eseguire processi di ottimizzazione pianificati."
"RemoteAccess","Disabled","Stopped","Offre servizi di routing ad aziende in ambienti LAN e WAN."
"RemoteRegistry","Auto","Running","Abilita gli utenti remoti alla modifica delle impostazioni del Registro di sistema del computer in uso. Se il servizio è stato arrestato, il Registro di sistema potrà essere modificato soltanto dagli utenti del computer. Se il servizio è disabilitato, i servizi da esso dipendenti non verranno avviati."
"RetailDemo","Disabled","Stopped","Il servizio Demo negozio controlla l'attività del dispositivo quando si trova in modalità demo negozio."
"RmSvc","Manual","Running","Servizio di gestione radio e modalità aereo"
"RpcEptMapper","Auto","Running","Risolve gli identificatori di interfaccia RPC in endpoint del trasporto. Se il servizio viene arrestato o disabilitato, i programmi che utilizzano servizi RPC (Remote Procedure Call) non funzioneranno in modo corretto."
"RpcLocator","Auto","Running","In Windows 2003 e versioni precedenti di Windows, il servizio Localizzatore RPC (Remote Procedure Call) gestisce il database del servizio nomi RPC. In Windows Vista e versioni successive di Windows, questo servizio non offre alcuna funzionalità ed è disponibile per compatibilità con le applicazioni."
"RpcSs","Auto","Running","Il servizio RPCSS corrisponde a Gestione controllo servizi per i server COM e DCOM. Questo servizio esegue richieste di attivazione degli oggetti, funzionalità di risoluzione per l'object exporter e funzioni distribuite di garbage collection per i server COM e DCOM. Se il servizio è arrestato o disabilitato, i programmi che utilizzano COM o DCOM non funzioneranno in modo corretto. È consigliabile mantenere in esecuzione il servizio RPCSS."
"SamSs","Auto","Running","L'avvio di questo servizio segnala ad altri servizi che il sistema di gestione degli account di sicurezza (SAM) è pronto ad accettare richieste. Se si disattiva il servizio, non sarà possibile notificare tale stato del sistema di gestione degli account di sicurezza agli altri servizi del sistema, che potrebbero pertanto non essere avviati correttamente. Non disattivare il servizio."
"SCardSvr","Manual","Stopped","Gestisce l'accesso alle smart card lette dal computer. Se il servizio viene arrestato, il computer non sarà in grado di leggere le smart card. Se il servizio è disabilitato, i servizi da esso dipendenti non verranno avviati."
"ScDeviceEnum","Manual","Stopped","Crea nodi del dispositivo software per tutti i lettori di smart card accessibili in una determinata sessione. Se il servizio è disabilitato, le API di WinRT non saranno in grado di enumerare i lettori di smart card."
"Schedule","Auto","Running","Consente a un utente di configurare e pianificare attività automatiche nel computer in uso. Il servizio ospita inoltre più attività critiche per il sistema Windows. Se il servizio è stato arrestato o disattivato, le attività non verranno eseguite in base agli orari pianificati. Se il servizio è disattivato, i servizi che vi dipendono in modo esplicito non verranno avviati."
"SCPolicySvc","Manual","Stopped","Consente di configurare il sistema in modo che il desktop dell'utente venga bloccato alla rimozione della smart card."
"SDRSVC","Manual","Stopped","Fornisce funzionalità di backup e ripristino di Windows."
"seclogon","Manual","Stopped","Abilita processi di avvio sotto credenziali alternative. Se il servizio è stato arrestato, questo tipo di accesso non sarà disponibile. Se il servizio è disabilitato, i servizio da esso dipendenti non verranno avviati."
"SecurityHealthService","Manual","Running","Il servizio Sicurezza di Windows gestisce la protezione dei dispositivi unificata e le informazioni sull'integrità"
"SEMgrSvc","Manual","Stopped","Gestisce i pagamenti e gli elementi di sicurezza basati su Near Field Communication (NFC)."
"SENS","Auto","Running","Esegue il monitoraggio degli eventi di sistema e li notifica ai sottoscrittori di COM+ Event System."
"SensorDataService","Manual","Stopped","Recapita i dati da un'ampia gamma di sensori"
"SensorService","Manual","Running","Servizio per i sensori che gestisce la funzionalità di diversi sensori. Gestisce l'orientamento dispositivo semplice (SDO, Simple Device Orientation) e la cronologia per i sensori. Carica il sensore SDO che segnala le modifiche di orientamento dispositivo. Se il servizio viene arrestato o disabilitato, il sensore SDO non verrà caricato e quindi non verrà eseguita la rotazione automatica. Verrà arrestata anche la raccolta cronologia dai sensori."
"SensrSvc","Manual","Stopped","Esegue il monitoraggio di diversi sensori per esporre i dati e adattarli allo stato del sistema e dell'utente. Se il servizio viene arrestato o disattivato, la luminosità dello schermo non verrà regolata in base alle condizioni di illuminazione. L'arresto del servizio può inoltre influire su altre funzionalità e caratteristiche del sistema."
"SessionEnv","Auto","Running","Il servizio Configurazione Desktop remoto è responsabile di tutte le attività di manutenzione della configurazione e delle sessioni correlate a Servizi Desktop remoto e Desktop remoto che richiedono il contesto SYSTEM. Sono inclusi le cartelle temporanee per sessione, i temi di Desktop remoto e i certificati di Desktop remoto."
"SgrmBroker","Disabled","Stopped","Monitora e attesta l'integrità della piattaforma Windows."
"SharedAccess","Manual","Stopped","Fornisce servizi di conversione indirizzi di rete, indirizzamento e risoluzione nomi e/o servizi di prevenzione intrusione per una rete domestica o una piccola rete aziendale."
"ShellHWDetection","Auto","Running","Fornisce notifiche di eventi hardware AutoPlay."
"shpamsvc","Disabled","Stopped","Manages profiles and accounts on a SharedPC configured device"
"smphost","Manual","Stopped","Provider di gestione per spazi di archiviazione Microsoft. Se questo servizio viene arrestato o disabilitato, non sarà possibile gestire gli spazi di archiviazione."
"SmsRouter","Manual","Stopped","Instrada i messaggi ai client appropriati in base alle regole."
"SNMPTrap","Manual","Stopped","Riceve messaggi trap generati da agenti Simple Network Management Protocol (SNMP) locali o remoti e inoltra i messaggi a programmi di gestione SNMP in esecuzione su questo computer. Se il servizio è arrestato, le applicazioni SNMP nel computer non riceveranno messaggi trap SNMP. Se il servizio è disabilitato, i servizi esplicitamente dipendenti da esso non verranno avviati."
"Spooler","Auto","Running","Questo servizio effettua lo spooling dei processi di stampa e gestisce l'interazione con la stampante.  Se il servizio viene disattivato, non sarà più possibile stampare o visualizzare le stampanti."
"sppsvc","Auto","Stopped","Attiva il download, l'installazione e l'applicazione di licenze digitali per Windows e le applicazioni Windows. Se il servizio è disattivato, è possibile che il sistema operativo e le applicazioni con licenza vengano eseguiti in modalità di notifica. È consigliabile non disattivare il servizio di protezione software."
"SSDPSRV","Manual","Running","Individua i servizi e i dispositivi di rete che utilizzano il protocollo di individuazione SSDP, ad esempio i dispositivi UPnP. Annuncia inoltre i dispositivi e i servizi SSDP in esecuzione nel computer locale. Se questo servizio viene arrestato, i dispositivi basati su SSDP non verranno individuati. Se viene disattivato, gli eventuali servizi che dipendono in modo esplicito da esso non verranno avviati."
"ssh-agent","Disabled","Stopped","Agent to hold private keys used for public key authentication."
"SstpSvc","Manual","Running","Fornisce supporto per il protocollo SSTP (Secure Socket Tunneling Protocol) per la connessione a computer remoti tramite VPN. Se questo servizio è disabilitato, gli utenti non potranno utilizzare SSTP per l'accesso a server remoti."
"StateRepository","Auto","Running","Offre il supporto infrastrutturale necessario per il modello applicativo."
"StiSvc","Manual","Running","Offre servizi di acquisizione immagini per scanner e fotocamere digitali."
"StorSvc","Auto","Running","Consente l'abilitazione dei servizi per le impostazioni di archiviazione e l'espansione dell'archiviazione esterna"
"svsvc","Manual","Stopped","Verifica il potenziale danneggiamento del file system."
"swprv","Manual","Stopped","Consente di gestire le copie shadow del volume basate sul software eseguite dal servizio Copia Shadow del volume. Se il servizo è stato arrestato, non sarà possibile gestire le copie shadow del volume basate sul software. Se il servizio è disabilitato, i servizi da esso dipendenti non verranno avviati."
"SysMain","Auto","Running","Mantiene e migliora nel tempo le prestazioni del sistema."
"SystemEventsBroker","Auto","Running","Coordina l'esecuzione di processi in background per l'applicazione WinRT. Se il servizio è arrestato o disabilitato, i processi in background potrebbero non essere attivati."
"TapiSrv","Manual","Stopped","Fornisce il supporto per TAPI (Telephony API) ai programmi che controllano i dispositivi di telefonia sul computer locale e, attraverso la LAN, agli altri server che eseguono il servizio."
"TextInputManagementService","Auto","Running","Abilita l'input di testo, l'input espressivo, la tastiera virtuale, la grafia e i messaggi istantanei."
"Themes","Disabled","Stopped","Consente la gestione dei temi."
"TieringEngineService","Manual","Stopped","Ottimizza il posizionamento dei dati nei livelli degli spazi di archiviazione suddivisi in livelli nel sistema."
"TimeBrokerSvc","Manual","Running","Coordina l'esecuzione di processi in background per l'applicazione WinRT. Se il servizio è arrestato o disabilitato, i processi in background potrebbero non essere attivati."
"TokenBroker","Manual","Running","Questo servizio è usato dalla Gestione account Web per fornire il Single Sign-On ad app e servizi."
"TrkWks","Auto","Running","Esegue la manutenzione dei collegamenti tra file NTFS all'interno di un computer o fra computer di una rete."
"TroubleshootingSvc","Manual","Stopped","Consente la riduzione automatica dei problemi noti applicando la risoluzione dei problemi consigliata. Se il servizio viene arrestato il dispositivo non riceverà la risoluzione dei problemi consigliata."
"TrustedInstaller","Manual","Stopped","Consente l'installazione, la modifica e la rimozione degli aggiornamenti e dei componenti opzionali di Windows. Se questo servizio è disattivato, è possibile che l'installazione o la disinstallazione degli aggiornamenti di Windows non venga eseguita per questo computer."
"UdkUserSvc","Disabled","Stopped","Servizio componenti Shell"
"UevAgentService","Manual","Stopped","Fornisce il supporto per il roaming delle impostazioni delle applicazioni e del sistema operativo"
"UmRdpService","Auto","Running","Consente il reindirizzamento di stampanti, unità o porte per le connessioni di desktop remoto."
"UnistoreSvc","Manual","Stopped","Gestisce l'archiviazione dei dati utente strutturati, tra i quali le info sui contatti, i calendari, i messaggi e altro contenuto. Se arresti o disabiliti il servizio, le app che usano questi dati potrebbero non funzionare correttamente."
"upnphost","Manual","Stopped","Consente l'hosting dei dispositivi UPnP nel computer. Se questo servizio viene arrestato, gli eventuali dispositivi UPnP ospitati smetteranno di funzionare e non sarà possibile aggiungere altri dispositivi ospitati. Se viene disattivato, gli eventuali servizi che dipendono in modo esplicito da esso non verranno avviati."
"UserDataSvc","Manual","Stopped","Consente alle app di accedere ai dati utente strutturati, tra i quali le info sui contatti, i calendari, i messaggi e altro contenuto. Se arresti o disabiliti il servizio, le app che usano questi dati potrebbero non funzionare correttamente."
"UserManager","Auto","Running","Gestione utenti fornisce i componenti di runtime necessari per l'interazione tra più utenti. Se questo servizio è arrestato, alcune applicazioni potrebbero non funzionare correttamente."
"VaultSvc","Manual","Running","Consente l'archiviazione e il recupero in modo sicuro delle credenziali degli utenti, delle applicazioni e dei pacchetti dei servizi di sicurezza."
"vds","Manual","Stopped","Fornisce servizi di gestione per dischi, volumi, file system e array di archiviazione."
"vmicguestinterface","Manual","Stopped","Fornisce un'interfaccia per l'interazione dell'host Hyper-V con servizi specifici in esecuzione nella macchina virtuale."
"vmicheartbeat","Manual","Stopped","Esegue il monitoraggio dello stato della macchina virtuale segnalando un heartbeat a intervalli regolari. Questo servizio consente di identificare le macchine virtuali in esecuzione che non rispondono più."
"vmickvpexchange","Manual","Stopped","Rende disponibile un meccanismo per lo scambio di dati tra la macchina virtuale e il sistema operativo in esecuzione nel computer fisico."
"vmicrdv","Manual","Stopped","Offre una piattaforma per le comunicazioni tra la macchina virtuale e il sistema operativo in esecuzione nel computer fisico."
"vmicshutdown","Manual","Stopped","Rende disponibile un meccanismo per l'arresto del sistema operativo della macchina virtuale dalle interfacce di gestione del computer fisico."
"vmictimesync","Manual","Stopped","Sincronizza l'ora di sistema della macchina virtuale con quella del computer fisico."
"vmicvmsession","Manual","Stopped","Fornisce un meccanismo per gestire la macchina virtuale con PowerShell tramite una sessione di macchina virtuale senza una rete virtuale."
"vmicvss","Manual","Stopped","Coordina le comunicazioni necessarie per utilizzare il Servizio Copia Shadow del volume per il backup delle applicazioni e dei dati della macchina virtuale dal sistema operativo del computer fisico."
"VSS","Manual","Stopped","Gestisce e implementa le copie shadow del volume utilizzate a scopo di backup e altro. Se il servizio è stato arrestato, le copie shadow non saranno disponibili per il backup e il backup potrebbe non riuscire. Se il servizio è disabilitato, i servizi da esso dipendenti non verranno avviati."
"W32Time","Auto","Running","Mantiene la sincronizzazione di data e ora su tutti i client e i server della rete. Se il servizio viene arrestato, la sincronizzazione data e ora non sarà disponibile. Se il servizio viene disabilitato, i servizi da esso dipendenti non verranno avviati."
"WaaSMedicSvc","Manual","Stopped","No description available"
"WalletService","Manual","Stopped","Ospita gli oggetti utilizzati dai client del portafoglio"
"WarpJITSvc","Manual","Stopped","Enables JIT compilation support in d3d10warp.dll for processes in which code generation is disabled."
"wbengine","Manual","Stopped","Il servizio WBENGINE viene utilizzato da Windows Backup per eseguire operazioni di backup e ripristino. L'arresto del servizio da parte di un utente potrebbe causare l'esito negativo dell'operazione di backup o ripristino in esecuzione. La disabilitazione del servizio potrebbe disattivare le operazioni di backup e ripristino eseguite tramite Windows Backup in questo computer."
"WbioSrvc","Manual","Stopped","Il Servizio di biometria Windows consente alle applicazioni client di acquisire, confrontare, modificare e archiviare dati biometrici senza accedere direttamente all'hardware o a campioni biometrici. Il servizio è ospitato in un processo SVCHOST privilegiato."
"Wcmsvc","Auto","Running","Prende decisioni di connessione/disconnessione automatica in base alle opzioni di connettività di rete attualmente disponibili per il PC e consente la gestione della connettività di rete in base alle impostazioni dei Criteri di gruppo."
"wcncsvc","Manual","Stopped","WCNCSVC ospita la configurazione di Windows Connect Now, ovvero l'implementazione Microsoft del protocollo WPS (Wireless Protected Setup). Questo servizio viene utilizzato per configurare le impostazioni LAN wireless per un punto di accesso o un dispositivo wireless. Il servizio viene avviato a livello di programmazione all'occorrenza."
"WdiServiceHost","Manual","Stopped","Il servizio Host servizio di diagnostica viene utilizzato dal Servizio criteri di diagnostica per l'hosting delle funzioni di diagnostica che devono essere eseguite in un contesto di servizio locale. Se questo servizio viene arrestato, tutte le funzioni di diagnostica che dipendono da tale servizio smetteranno di funzionare."
"WdiSystemHost","Manual","Stopped","Il servizio Host sistema di diagnostica viene utilizzato dal Servizio criteri di diagnostica per l'hosting delle funzioni di diagnostica che devono essere eseguite in un contesto di sistema locale. Se questo servizio viene arrestato, tutte le funzioni di diagnostica che dipendono da tale servizio smetteranno di funzionare."
"WebClient","Manual","Stopped","Consente ai programmi basati su Windows di creare file basati su Internet, accedere a essi e modificarli. Se il servizio è stato arrestato, queste funzionalità non saranno disponibili. Se il servizio è disabilitato, i servizi da esso dipendenti non verranno avviati."
"webthreatdefsvc","Manual","Running","Il servizio endpoint di Web Threat Defense consente di proteggere il computer identificando le entità non autorizzate che tentano di ottenere l'accesso alle credenziali utente"
"Wecsvc","Manual","Stopped","Il servizio consente la gestione delle sottoscrizioni permanenti agli eventi da origini remote che supportano il protocollo WS-Management, tra cui registri eventi di Windows Vista, nonché origini eventi hardware e IPMI. Il servizio archivia gli eventi inoltrati in un registro eventi locale. Se il servizio viene arrestato o disabilitato non è possibile creare sottoscrizioni agli eventi e gli eventi inoltrati non vengono accettati."
"WEPHOSTSVC","Manual","Stopped","Funzionalità correlate dei gestori del servizio host del provider di crittografia di Windows fornite da provider di crittografia di terze parti per processi che devono valutare e applicare criteri EAS. Se si arresta il servizio, le verifiche di conformità EAS stabilite dagli account di posta connessi saranno compromessi"
"wercplsupport","Manual","Stopped","Questo servizio fornisce supporto per la visualizzazione, l'invio e l'eliminazione di rapporti sui problemi a livello di sistema per Segnalazioni di problemi nel Pannello di controllo."
"WerSvc","Manual","Stopped","Consente di segnalare gli errori quando i programmi smettono di funzionare o si bloccano e di ricevere soluzioni. Consente inoltre di generare registri per i servizi di diagnostica e ripristino. Se il servizio non è avviato, è possibile che la segnalazione errori non funzioni correttamente e che i risultati dei servizi di diagnostica e ripristino non vengano visualizzati."
"WFDSConMgrSvc","Manual","Stopped","Gestisce le connessioni ai servizi wireless, inclusi alloggiamenti e schermi wireless."
"WiaRpc","Manual","Stopped","Avvia le applicazioni associate agli eventi di acquisizione fermo immagine."
"WinHttpAutoProxySvc","Manual","Running","WinHTTP implementa lo stack HTTP client e offre agli sviluppatori un'API Win32 e un componente di automazione COM per l'invio delle richieste HTTP e la ricezione delle risposte. WinHTTP offre inoltre supporto per l'individuazione automatica di una configurazione proxy tramite una specifica implementazione del protocollo WPAD (Web Proxy Auto-Discovery)."
"Winmgmt","Auto","Running","Fornisce un modello di interfacce e di oggetti comune per accedere alle informazioni di gestione sul sistema operativo, i dispositivi, le applicazioni e i servizi. Se il servizio viene interrotto, la maggior parte del software basato su Windows non funzionerà in modo corretto. Se il servizio è disabilitato, i servizi da esso dipendenti non verranno avviati."
"WinRM","Auto","Running","Il servizio Gestione remota Windows implementa il protocollo WS-Management per la gestione remota. WS-Management è un protocollo standard di servizi Web utilizzato per la gestione remota di software e hardware. Il servizio Gestione remota Windows ascolta le richieste di WS-Management inviate in rete e le elabora. A tale scopo, il servizio deve essere configurato con un listener tramite winrm.cmd o i Criteri di gruppo. Il servizio fornisce l'accesso ai dati WMI e consente la raccolta degli eventi. La raccolta di eventi e la sottoscrizione a eventi richiedono che il servizio sia in esecuzione. I messaggi del servizio utilizzano HTTP e HTTPS come protocolli di trasporto. Il servizio Gestione remota Windows non dipende da IIS ma è preconfigurato per la condivisione di una porta con IIS nello stesso computer. Il prefisso URL /wsman è riservato per tale servizio. Per impedire conflitti con IIS, gli amministratori devono verificare che gli eventuali siti Web host su IIS non utilizzino tale prefisso."
"wisvc","Disabled","Stopped","Fornisce il supporto di infrastruttura per il Programma Windows Insider. Questo servizio deve rimanere abilitato per il funzionamento di tale programma."
"wlpasvc","Manual","Stopped","Questo servizio consente la gestione dei profili per i moduli sull'identità dei sottoscrittori"
"WMPNetworkSvc","Manual","Stopped","Consente di condividere il Catalogo multimediale di Windows Media Player con altri lettori e dispositivi multimediali in rete mediante Universal Plug and Play"
"workfolderssvc","Manual","Stopped","Questo servizio sincronizza i file con il server di Cartelle di lavoro in modo da poterli utilizzare in qualsiasi PC e dispositivo configurato con Cartelle di lavoro."
"WpcMonSvc","Disabled","Stopped","Applica il controllo genitori per gli account per bambini in Windows. Se questo servizio è stato arrestato o disabilitato, non sarà possibile applicare il controllo genitori."
"WPDBusEnum","Manual","Running","Impone i Criteri di gruppo per i dispositivi di archiviazione di massa rimovibili. Consente ad applicazioni quali Windows Media Player e Importazione guidata immagini di trasferire e sincronizzare il contenuto tramite dispositivi di archiviazione di massa rimovibili."
"WpnService","Auto","Running","Questo servizio viene eseguito nella sessione 0 e ospita la piattaforma di notifica e il provider di connessione che gestisce la connessione tra il dispositivo e il server WNS."
"WpnUserService","Disabled","Stopped","Questo servizio ospita la piattaforma di notifica Windows che fornisce il supporto per le notifiche locali e push. Le notifiche supportate sono riquadri, avvisi popup e notifiche non elaborate."
"wscsvc","Auto","Running","Il servizio WSCSVC (Centro Sicurezza di Windows) esegue il monitoraggio delle impostazioni di integrità della sicurezza e genera rapporti corrispondenti. Le impostazioni di integrità riguardano il firewall (attivato/disattivato), l'antivirus (attivato/disattivato/non aggiornato), l'antispyware (attivato/disattivato/non aggiornato), Windows Update (download e installazione degli aggiornamenti manualmente o automaticamente), Controllo dell'account utente (attivato/disattivato) e le impostazioni di Internet (consigliate/non consigliate). Il servizio offre API COM per consentire ai fornitori di software indipendenti di registrare lo stato dei propri prodotti in Centro Sicurezza di Windows. L'interfaccia utente di Sicurezza e manutenzione utilizza il servizio per offrire avvisi Systray e una visualizzazione grafica degli stati di integrità della sicurezza nel Pannello di controllo di Sicurezza e manutenzione. Protezione accesso alla rete usa questo servizio per inviare rapporti sugli stati di integrità della sicurezza dei client al Server dei criteri di rete di Protezione accesso alla rete per le decisioni relative alla quarantena. Il servizio include inoltre un'API pubblica che consente ai consumer esterni di recuperare lo stato di integrità della sicurezza del sistema."
"WSearch","Auto","Running","Fornisce indicizzazione di contenuto, memorizzazione di proprietà nella cache e risultati di ricerca per file, posta elettronica e altro contenuto."
"wuauserv","Disabled","Stopped","Consente il rilevamento, il download e l'installazione di aggiornamenti per Windows e altri programmi. Se il servizio è disattivato, gli utenti del computer non saranno in grado di utilizzare Windows Update o la relativa funzionalità di aggiornamento automatico e i programmi non potranno utilizzare  l'API agente di Windows Update (Windows Update Agent, WUA)."
"XblAuthManager","Disabled","Stopped","Fornisce servizi di autenticazione e autorizzazione che consentono di interagire con Xbox Live. Se questo servizio viene interrotto, alcune applicazioni potrebbero non funzionare correttamente."
"XblGameSave","Disabled","Stopped","Questo servizio consente di sincronizzare i dati salvati su Xbox Live per i giochi abilitati. Se il servizio viene sospeso, non è possibile caricare o scaricare i dati salvati su Xbox Live."
"XboxGipSvc","Disabled","Stopped","This service manages connected Xbox Accessories."
"XboxNetApiSvc","Disabled","Stopped","Questo servizio supporta l'interfaccia API Windows.Networking.XboxLive."
